label,model,ece,n_bins_used,n_bins_thin,min_bin_count,true_base_rate,mean_predicted_prob
Cardiomegaly,E04,0.15767479402083667,8,0,163,0.25478194338179033,0.412456737402627
Cardiomegaly,E08,0.13835091857899082,8,0,163,0.25478194338179033,0.39168048393155513
Edema,E04,0.0814428706298915,8,0,163,0.33282325937260904,0.4142661300025005
Edema,E08,0.09008139372067904,8,0,163,0.33282325937260904,0.4226848821602149
Atelectasis,E04,0.10093750501680028,8,0,163,0.30757459831675593,0.4039665558321976
Atelectasis,E08,0.2084535960230603,8,0,163,0.30757459831675593,0.5160281943398162
Pleural Effusion,E04,0.03863706500693446,8,0,163,0.41545524100994646,0.39262356638214346
Pleural Effusion,E08,0.07091049981954085,8,0,163,0.41545524100994646,0.48424670455069513
Consolidation,E04,0.20411448285208805,8,0,163,0.17061973986228002,0.37473422271436807
Consolidation,E08,0.10251200026686444,8,0,163,0.17061973986228002,0.25710842709107623
