label,model,coverage,n_retained,sensitivity,specificity,balanced_accuracy
Cardiomegaly_label,e08_mc_dropout,1.0,1314,0.6960486322188449,0.732994923857868,0.7145217780383565
Cardiomegaly_label,e08_mc_dropout,0.95,1249,0.7041800643086816,0.7398720682302772,0.7220260662694794
Cardiomegaly_label,e08_mc_dropout,0.9,1183,0.7098976109215017,0.748314606741573,0.7291061088315374
Cardiomegaly_label,e08_mc_dropout,0.85,1117,0.7137809187279152,0.7577937649880095,0.7357873418579624
Cardiomegaly_label,e08_mc_dropout,0.8,1052,0.714828897338403,0.7642585551330798,0.7395437262357414
Cardiomegaly_label,e08_mc_dropout,0.75,986,0.7154471544715447,0.7702702702702703,0.7428587123709075
Cardiomegaly_label,e08_mc_dropout,0.7,920,0.7229437229437229,0.7793904208998549,0.7511670719217889
Cardiomegaly_label,e08_mc_dropout,0.65,855,0.7209302325581395,0.8015625,0.7612463662790697
Cardiomegaly_label,e08_mc_dropout,0.6,789,0.7236180904522613,0.8203389830508474,0.7719785367515544
Cardiomegaly_label,e08_mc_dropout,0.55,723,0.7175141242937854,0.8333333333333334,0.7754237288135594
Cardiomegaly_label,e08_mc_dropout,0.5,657,0.7368421052631579,0.8633663366336634,0.8001042209484106
Edema_label,e08_mc_dropout,1.0,1314,0.7764423076923077,0.5233853006681515,0.6499138041802296
Edema_label,e08_mc_dropout,0.95,1249,0.7831632653061225,0.5379229871645275,0.660543126235325
Edema_label,e08_mc_dropout,0.9,1183,0.7783783783783784,0.5498154981549815,0.6640969382666799
Edema_label,e08_mc_dropout,0.85,1117,0.7758620689655172,0.5604681404421327,0.668165104703825
Edema_label,e08_mc_dropout,0.8,1052,0.7750759878419453,0.5753803596127247,0.675228173727335
Edema_label,e08_mc_dropout,0.75,986,0.770764119601329,0.5824817518248175,0.6766229357130733
Edema_label,e08_mc_dropout,0.7,920,0.7681159420289855,0.593167701863354,0.6806418219461697
Edema_label,e08_mc_dropout,0.65,855,0.7751937984496124,0.6063651591289783,0.6907794787892954
Edema_label,e08_mc_dropout,0.6,789,0.7711864406779662,0.6292947558770343,0.7002405982775002
Edema_label,e08_mc_dropout,0.55,723,0.7699530516431925,0.6529411764705882,0.7114471140568903
Edema_label,e08_mc_dropout,0.5,657,0.7589743589743589,0.6774891774891775,0.7182317682317683
Atelectasis_label,e08_mc_dropout,1.0,1314,0.6952141057934509,0.5278080697928026,0.6115110877931267
Atelectasis_label,e08_mc_dropout,0.95,1249,0.6968911917098446,0.5144843568945539,0.6056877743021992
Atelectasis_label,e08_mc_dropout,0.9,1183,0.6954177897574124,0.5049261083743842,0.6001719490658983
Atelectasis_label,e08_mc_dropout,0.85,1117,0.6949152542372882,0.4980340760157274,0.5964746651265078
Atelectasis_label,e08_mc_dropout,0.8,1052,0.6973293768545994,0.5006993006993007,0.59901433877695
Atelectasis_label,e08_mc_dropout,0.75,986,0.6855345911949685,0.5044910179640718,0.5950128045795202
Atelectasis_label,e08_mc_dropout,0.7,920,0.6766666666666666,0.49838709677419357,0.5875268817204301
Atelectasis_label,e08_mc_dropout,0.65,855,0.675,0.49391304347826087,0.5844565217391304
Atelectasis_label,e08_mc_dropout,0.6,789,0.65625,0.4971857410881801,0.5767178705440901
Atelectasis_label,e08_mc_dropout,0.55,723,0.6437768240343348,0.49183673469387756,0.5678067793641062
Atelectasis_label,e08_mc_dropout,0.5,657,0.6401869158878505,0.4853273137697517,0.5627571148288011
Pleural Effusion_label,e08_mc_dropout,1.0,1314,0.7332053742802304,0.6935687263556116,0.7133870503179209
Pleural Effusion_label,e08_mc_dropout,0.95,1249,0.7380952380952381,0.6805369127516778,0.709316075423458
Pleural Effusion_label,e08_mc_dropout,0.9,1183,0.7432712215320911,0.6728571428571428,0.708064182194617
Pleural Effusion_label,e08_mc_dropout,0.85,1117,0.7565217391304347,0.665144596651446,0.7108331678909403
Pleural Effusion_label,e08_mc_dropout,0.8,1052,0.7632183908045977,0.6596434359805511,0.7114309133925745
Pleural Effusion_label,e08_mc_dropout,0.75,986,0.7753623188405797,0.6590909090909091,0.7172266139657444
Pleural Effusion_label,e08_mc_dropout,0.7,920,0.7881136950904393,0.6566604127579737,0.7223870539242065
Pleural Effusion_label,e08_mc_dropout,0.65,855,0.8027777777777778,0.6424242424242425,0.7226010101010101
Pleural Effusion_label,e08_mc_dropout,0.6,789,0.8200589970501475,0.6377777777777778,0.7289183874139626
Pleural Effusion_label,e08_mc_dropout,0.55,723,0.828125,0.6327543424317618,0.7304396712158809
Pleural Effusion_label,e08_mc_dropout,0.5,657,0.8327868852459016,0.6136363636363636,0.7232116244411326
Consolidation_label,e08_mc_dropout,1.0,1314,0.7652582159624414,0.4732061762034514,0.6192321960829463
Consolidation_label,e08_mc_dropout,0.95,1249,0.75,0.4947569113441373,0.6223784556720686
Consolidation_label,e08_mc_dropout,0.9,1183,0.7365591397849462,0.5175526579739218,0.627055898879434
Consolidation_label,e08_mc_dropout,0.85,1117,0.7383720930232558,0.5428571428571428,0.6406146179401992
Consolidation_label,e08_mc_dropout,0.8,1052,0.7124183006535948,0.5672969966629589,0.6398576486582768
Consolidation_label,e08_mc_dropout,0.75,986,0.696551724137931,0.6028537455410226,0.6497027348394768
Consolidation_label,e08_mc_dropout,0.7,920,0.6842105263157895,0.636594663278272,0.6604025947970307
Consolidation_label,e08_mc_dropout,0.65,855,0.675,0.6693877551020408,0.6721938775510204
Consolidation_label,e08_mc_dropout,0.6,789,0.6310679611650486,0.706997084548105,0.6690325228565768
Consolidation_label,e08_mc_dropout,0.55,723,0.5888888888888889,0.7424960505529226,0.6656924697209057
Consolidation_label,e08_mc_dropout,0.5,657,0.5641025641025641,0.7823834196891192,0.6732429918958416
