label,model,temperature,bce_before,bce_after,ece_width_before,ece_width_after,ece_quantile_before,ece_quantile_after
Cardiomegaly_label,e04,1.180550698628139,0.5412624535386055,0.5404038164284337,0.16525139086851443,0.1723002189999868,0.16525139086851437,0.17230021899998677
Cardiomegaly_label,e08,1.4368110233951832,0.5337071806465052,0.5230526162690945,0.13950413526967873,0.15489245624919848,0.14124361571697788,0.15489245624919848
Edema_label,e04,1.1026804848182514,0.5844624621614001,0.5821657896225817,0.10037747105031418,0.10410011192066147,0.10037747105031417,0.10410011192066149
Edema_label,e08,1.3458573644460405,0.6070590428696075,0.5908774173996102,0.11155295970104068,0.11392670941452825,0.11259436729162806,0.11392670941452826
Atelectasis_label,e04,1.0893920313979069,0.6084683661408328,0.608949888671772,0.0965664020514107,0.10286810583201768,0.0935972468867966,0.1001106335096075
Atelectasis_label,e08,2.623655374492323,0.6893667933586679,0.6723060383880092,0.2064226413006743,0.20148702056914936,0.20471190634542222,0.1998715768579422
Pleural Effusion_label,e04,1.2313572355074935,0.5486104722204362,0.5454873713153576,0.03427803333525516,0.021050031855015333,0.032820790220772125,0.01930828335530336
Pleural Effusion_label,e08,1.1393954784977172,0.5631591009991492,0.5610644060018813,0.08871020976442678,0.08788457159615276,0.08367780767114694,0.08466131662476373
Consolidation_label,e04,1.0205481080226795,0.572838853646278,0.5724255729084976,0.21732888871426814,0.2187424416750317,0.21732888871426814,0.21874244167503176
Consolidation_label,e08,1.1937921968906082,0.48281231389631657,0.4784923384661431,0.12081030931181481,0.1198173090193004,0.11773890684716881,0.120335124763165
