subgroup,value,label,e04_auroc,e08_auroc,abs_gap
insurance_type,Medicaid,Consolidation_label,0.6716081211730583,0.7205929745407671,0.04898485336770875
race,Other,Consolidation_label,0.6315684315684315,0.6601398601398601,0.028571428571428692
ethnicity,Hispanic/Latino,Consolidation_label,0.620540019286403,0.6475409836065574,0.02700096432015442
ethnicity,Hispanic/Latino,Atelectasis_label,0.5647169811320754,0.5894339622641509,0.024716981132075544
race,Black,Consolidation_label,0.6956521739130436,0.7188405797101449,0.023188405797101352
race,Black,Cardiomegaly_label,0.7691435053885423,0.79126488939308,0.02212138400453778
ethnicity,Hispanic/Latino,Pleural Effusion_label,0.7778532608695652,0.7999320652173914,0.022078804347826164
sex,Male,Consolidation_label,0.6444420681174142,0.6664706196866813,0.022028551569267085
ethnicity,Unknown,Pleural Effusion_label,0.7930679478380234,0.7731640356897735,0.019903912148249825
race,Asian,Edema_label,0.711,0.6914999999999999,0.019500000000000073
insurance_type,Medicaid,Pleural Effusion_label,0.8,0.8173010380622837,0.01730103806228367
race,Asian,Cardiomegaly_label,0.8054421768707484,0.8220408163265306,0.016598639455782216
race,Unknown,Consolidation_label,0.7006172839506172,0.7164902998236331,0.015873015873015928
race,Unknown,Pleural Effusion_label,0.7960695876288659,0.7806056701030928,0.015463917525773141
insurance_type,Unknown,Atelectasis_label,0.6675971877584781,0.6531224152191895,0.014474772539288638
