subgroup_column,subgroup_value,label,model,n,positive_rate,auroc,ece,deployed_temperature
sex,Male,Cardiomegaly_label,e04,752,0.26595744680851063,0.8156521739130433,0.15932120283399315,1.0
sex,Male,Cardiomegaly_label,e08,752,0.26595744680851063,0.8228985507246377,0.14099586623760454,1.0
sex,Male,Edema_label,e04,752,0.32180851063829785,0.7597228974234321,0.0859395176351214,1.0
sex,Male,Edema_label,e08,752,0.32180851063829785,0.7551693404634581,0.09426699466929038,1.0
sex,Male,Atelectasis_label,e04,752,0.3257978723404255,0.6341343638046935,0.08992154825419348,1.0
sex,Male,Atelectasis_label,e08,752,0.3257978723404255,0.6295938493740691,0.1845794188845097,2.623655374492323
sex,Male,Pleural Effusion_label,e04,752,0.4002659574468085,0.7540938924943463,0.062497567031235275,1.0
sex,Male,Pleural Effusion_label,e08,752,0.4002659574468085,0.7592503922623037,0.09171235084213357,1.1393954784977172
sex,Male,Consolidation_label,e04,752,0.15691489361702127,0.6444420681174142,0.23417208807300183,1.0
sex,Male,Consolidation_label,e08,752,0.15691489361702127,0.6664706196866813,0.13359544619411623,1.1937921968906082
sex,Female,Cardiomegaly_label,e04,562,0.22953736654804271,0.7449916751705247,0.17318644674388806,1.0
sex,Female,Cardiomegaly_label,e08,562,0.22953736654804271,0.7457794009703349,0.13750808244426918,1.0
sex,Female,Edema_label,e04,562,0.3096085409252669,0.6681626970020145,0.12328512814008628,1.0
sex,Female,Edema_label,e08,562,0.3096085409252669,0.6617342102144803,0.15156172277336258,1.0
sex,Female,Atelectasis_label,e04,562,0.2704626334519573,0.6668324775353018,0.10871309545089977,1.0
sex,Female,Atelectasis_label,e08,562,0.2704626334519573,0.6678112965340179,0.2241107153500196,2.623655374492323
sex,Female,Pleural Effusion_label,e04,562,0.3914590747330961,0.8212652844231793,0.02234875125432672,1.0
sex,Female,Pleural Effusion_label,e08,562,0.3914590747330961,0.8213716108452949,0.0868877313330023,1.1393954784977172
sex,Female,Consolidation_label,e04,562,0.16903914590747332,0.6936549081483151,0.19528896903645682,1.0
sex,Female,Consolidation_label,e08,562,0.16903914590747332,0.7014763890454186,0.10228268078958408,1.1937921968906082
race,White,Cardiomegaly_label,e04,753,0.22576361221779548,0.7813136918575321,0.172409405228082,1.0
race,White,Cardiomegaly_label,e08,753,0.22576361221779548,0.7855514075269902,0.14668543059329392,1.0
race,White,Edema_label,e04,753,0.32138114209827356,0.7375426565962059,0.08460754818829695,1.0
race,White,Edema_label,e08,753,0.32138114209827356,0.7335721563616956,0.09886837338875348,1.0
race,White,Atelectasis_label,e04,753,0.31739707835325365,0.6272080491021279,0.08950993728887036,1.0
race,White,Atelectasis_label,e08,753,0.31739707835325365,0.6164384676749752,0.19074283637751158,2.623655374492323
race,White,Pleural Effusion_label,e04,753,0.4169986719787517,0.7582447078623972,0.05142891232869224,1.0
race,White,Pleural Effusion_label,e08,753,0.4169986719787517,0.7619082164154201,0.08116668970761051,1.1393954784977172
race,White,Consolidation_label,e04,753,0.1394422310756972,0.6493092298647855,0.23817636323090924,1.0
race,White,Consolidation_label,e08,753,0.1394422310756972,0.6607289829512053,0.1415887406520006,1.1937921968906082
race,Other,Cardiomegaly_label,e04,178,0.24157303370786518,0.7786391042204995,0.20173720901392486,1.0
race,Other,Cardiomegaly_label,e08,178,0.24157303370786518,0.7881136950904393,0.1838005257337459,1.0
race,Other,Edema_label,e04,178,0.30337078651685395,0.7187873357228195,0.14528232118052042,1.0
race,Other,Edema_label,e08,178,0.30337078651685395,0.7190860215053764,0.1646441734197099,1.0
race,Other,Atelectasis_label,e04,178,0.29775280898876405,0.5965283018867924,0.13824247355374056,1.0
race,Other,Atelectasis_label,e08,178,0.29775280898876405,0.6040754716981132,0.20949024143812392,2.623655374492323
race,Other,Pleural Effusion_label,e04,178,0.42134831460674155,0.7408414239482201,0.10014968864577874,1.0
race,Other,Pleural Effusion_label,e08,178,0.42134831460674155,0.7552103559870551,0.09568380483557666,1.1393954784977172
race,Other,Consolidation_label,e04,178,0.19662921348314608,0.6315684315684315,0.20027720221851986,1.0
race,Other,Consolidation_label,e08,178,0.19662921348314608,0.6601398601398601,0.1187801131382282,1.1937921968906082
race,Asian,Cardiomegaly_label,e04,140,0.25,0.8054421768707484,0.2064736023811357,1.0
race,Asian,Cardiomegaly_label,e08,140,0.25,0.8220408163265306,0.1667919995562573,1.0
race,Asian,Edema_label,e04,140,0.2857142857142857,0.711,0.15241697059412088,1.0
race,Asian,Edema_label,e08,140,0.2857142857142857,0.6914999999999999,0.15982994411938958,1.0
race,Asian,Atelectasis_label,e04,140,0.3,0.738338192419825,0.12370627990790774,1.0
race,Asian,Atelectasis_label,e08,140,0.3,0.7397959183673469,0.20697971338698734,2.623655374492323
race,Asian,Pleural Effusion_label,e04,140,0.45714285714285713,0.877672697368421,0.09744674117703522,1.0
race,Asian,Pleural Effusion_label,e08,140,0.45714285714285713,0.8799342105263158,0.09044992665810908,1.1393954784977172
race,Asian,Consolidation_label,e04,140,0.2,0.7397959183673469,0.19914710531011226,1.0
race,Asian,Consolidation_label,e08,140,0.2,0.7455357142857143,0.14220500802269564,1.1937921968906082
race,Unknown,Cardiomegaly_label,e04,129,0.1937984496124031,0.7738461538461539,0.15252533098393983,1.0
race,Unknown,Cardiomegaly_label,e08,129,0.1937984496124031,0.7615384615384615,0.13750757241726297,1.0
race,Unknown,Edema_label,e04,129,0.34108527131782945,0.6978609625668448,0.08905983057826063,1.0
race,Unknown,Edema_label,e08,129,0.34108527131782945,0.6994652406417112,0.12135755493803774,1.0
race,Unknown,Atelectasis_label,e04,129,0.1937984496124031,0.6676923076923077,0.1820295330916726,1.0
race,Unknown,Atelectasis_label,e08,129,0.1937984496124031,0.6811538461538462,0.29178968729819277,2.623655374492323
race,Unknown,Pleural Effusion_label,e04,129,0.24806201550387597,0.7960695876288659,0.09905898784713228,1.0
race,Unknown,Pleural Effusion_label,e08,129,0.24806201550387597,0.7806056701030928,0.1939150573847044,1.1393954784977172
race,Unknown,Consolidation_label,e04,129,0.16279069767441862,0.7006172839506172,0.22015677909402886,1.0
race,Unknown,Consolidation_label,e08,129,0.16279069767441862,0.7164902998236331,0.12951732002199542,1.1937921968906082
race,Black,Cardiomegaly_label,e04,84,0.5119047619047619,0.7691435053885423,0.1069375957318005,1.0
race,Black,Cardiomegaly_label,e08,84,0.5119047619047619,0.79126488939308,0.12857009128977856,1.0
race,Black,Edema_label,e04,84,0.30952380952380953,0.6797082228116711,0.1994898678468806,1.0
race,Black,Edema_label,e08,84,0.30952380952380953,0.6816976127320955,0.21565849436003537,1.0
race,Black,Atelectasis_label,e04,84,0.34523809523809523,0.7335423197492164,0.06247347939227309,1.0
race,Black,Atelectasis_label,e08,84,0.34523809523809523,0.7404388714733543,0.1512227066828321,2.623655374492323
race,Black,Pleural Effusion_label,e04,84,0.30952380952380953,0.8196286472148541,0.0732896291606483,1.0
race,Black,Pleural Effusion_label,e08,84,0.30952380952380953,0.8110079575596817,0.11024689087718013,1.1393954784977172
race,Black,Consolidation_label,e04,84,0.17857142857142858,0.6956521739130436,0.1664709510348205,1.0
race,Black,Consolidation_label,e08,84,0.17857142857142858,0.7188405797101449,0.11936573323648828,1.1937921968906082
ethnicity,Non-Hispanic/Non-Latino,Cardiomegaly_label,e04,1029,0.2565597667638484,0.7805010893246189,0.16527877977630168,1.0
ethnicity,Non-Hispanic/Non-Latino,Cardiomegaly_label,e08,1029,0.2565597667638484,0.7867647058823529,0.14335283042299152,1.0
ethnicity,Non-Hispanic/Non-Latino,Edema_label,e04,1029,0.31584062196307094,0.7254895104895105,0.09966277048119371,1.0
ethnicity,Non-Hispanic/Non-Latino,Edema_label,e08,1029,0.31584062196307094,0.7191433566433567,0.10911235638076856,1.0
ethnicity,Non-Hispanic/Non-Latino,Atelectasis_label,e04,1029,0.3109815354713314,0.6622223201692525,0.09218641123992362,1.0
ethnicity,Non-Hispanic/Non-Latino,Atelectasis_label,e08,1029,0.3109815354713314,0.6538258110014105,0.19610925026636092,2.623655374492323
ethnicity,Non-Hispanic/Non-Latino,Pleural Effusion_label,e04,1029,0.41205053449951407,0.7808708872602528,0.03896648172593238,1.0
ethnicity,Non-Hispanic/Non-Latino,Pleural Effusion_label,e08,1029,0.41205053449951407,0.7840714174333385,0.07933986969971828,1.1393954784977172
ethnicity,Non-Hispanic/Non-Latino,Consolidation_label,e04,1029,0.15257531584062195,0.6780590778939987,0.22512064677589835,1.0
ethnicity,Non-Hispanic/Non-Latino,Consolidation_label,e08,1029,0.15257531584062195,0.6907468006778473,0.127610977695391,1.1937921968906082
ethnicity,Hispanic/Latino,Cardiomegaly_label,e04,156,0.2692307692307692,0.8151629072681704,0.1634603381658403,1.0
ethnicity,Hispanic/Latino,Cardiomegaly_label,e08,156,0.2692307692307692,0.827485380116959,0.14186056485050358,1.0
ethnicity,Hispanic/Latino,Edema_label,e04,156,0.3141025641025641,0.6988365439633797,0.1297758716839151,1.0
ethnicity,Hispanic/Latino,Edema_label,e08,156,0.3141025641025641,0.6975014304787336,0.13736095703923357,1.0
ethnicity,Hispanic/Latino,Atelectasis_label,e04,156,0.32051282051282054,0.5647169811320754,0.11275628041953613,1.0
ethnicity,Hispanic/Latino,Atelectasis_label,e08,156,0.32051282051282054,0.5894339622641509,0.17986543646526307,2.623655374492323
ethnicity,Hispanic/Latino,Pleural Effusion_label,e04,156,0.41025641025641024,0.7778532608695652,0.06699972330497052,1.0
ethnicity,Hispanic/Latino,Pleural Effusion_label,e08,156,0.41025641025641024,0.7999320652173914,0.09359620347021677,1.1393954784977172
ethnicity,Hispanic/Latino,Consolidation_label,e04,156,0.21794871794871795,0.620540019286403,0.20392449926107356,1.0
ethnicity,Hispanic/Latino,Consolidation_label,e08,156,0.21794871794871795,0.6475409836065574,0.14929354373393816,1.1937921968906082
ethnicity,Unknown,Cardiomegaly_label,e04,125,0.184,0.7962489343563512,0.16612057369574904,1.0
ethnicity,Unknown,Cardiomegaly_label,e08,125,0.184,0.7860187553282183,0.1304394275182858,1.0
ethnicity,Unknown,Edema_label,e04,125,0.32,0.716764705882353,0.09710782575607299,1.0
ethnicity,Unknown,Edema_label,e08,125,0.32,0.7173529411764705,0.13014967510849237,1.0
ethnicity,Unknown,Atelectasis_label,e04,125,0.2,0.6664,0.17677354195713996,1.0
ethnicity,Unknown,Atelectasis_label,e08,125,0.2,0.6756,0.28715604218745777,2.623655374492323
ethnicity,Unknown,Pleural Effusion_label,e04,125,0.248,0.7930679478380234,0.09480880862474442,1.0
ethnicity,Unknown,Pleural Effusion_label,e08,125,0.248,0.7731640356897735,0.1932698584729443,1.1393954784977172
ethnicity,Unknown,Consolidation_label,e04,125,0.16,0.6733333333333333,0.21306826803088189,1.0
ethnicity,Unknown,Consolidation_label,e08,125,0.16,0.6847619047619048,0.12790748700825696,1.1937921968906082
insurance_type,Medicare,Cardiomegaly_label,e04,667,0.2683658170914543,0.7767309277406356,0.17514100966896903,1.0
insurance_type,Medicare,Cardiomegaly_label,e08,667,0.2683658170914543,0.7805430900265591,0.14989669637048036,1.0
insurance_type,Medicare,Edema_label,e04,667,0.32233883058470764,0.7192838032516979,0.0943896287142521,1.0
insurance_type,Medicare,Edema_label,e08,667,0.32233883058470764,0.7086849145914798,0.11553964831809076,1.0
insurance_type,Medicare,Atelectasis_label,e04,667,0.3343328335832084,0.6237122772997213,0.07537730390030047,1.0
insurance_type,Medicare,Atelectasis_label,e08,667,0.3343328335832084,0.6222781077041167,0.17469539121979072,2.623655374492323
insurance_type,Medicare,Pleural Effusion_label,e04,667,0.39730134932533734,0.7907443912512906,0.035359898048719716,1.0
insurance_type,Medicare,Pleural Effusion_label,e08,667,0.39730134932533734,0.7924340561344222,0.0908407058242484,1.1393954784977172
insurance_type,Medicare,Consolidation_label,e04,667,0.15442278860569716,0.6791468704813054,0.22490617834210305,1.0
insurance_type,Medicare,Consolidation_label,e08,667,0.15442278860569716,0.6878744061144392,0.12431772283547574,1.1937921968906082
insurance_type,Unknown,Cardiomegaly_label,e04,238,0.2605042016806723,0.7918804985337243,0.11514375370950636,1.0
insurance_type,Unknown,Cardiomegaly_label,e08,238,0.2605042016806723,0.7969208211143695,0.08643424869104124,1.0
insurance_type,Unknown,Edema_label,e04,238,0.3277310924369748,0.6700320512820512,0.11402851038322855,1.0
insurance_type,Unknown,Edema_label,e08,238,0.3277310924369748,0.6587339743589744,0.14833237670221128,1.0
insurance_type,Unknown,Atelectasis_label,e04,238,0.2184873949579832,0.6675971877584781,0.1289928855546633,1.0
insurance_type,Unknown,Atelectasis_label,e08,238,0.2184873949579832,0.6531224152191895,0.25457491339351035,2.623655374492323
insurance_type,Unknown,Pleural Effusion_label,e04,238,0.35294117647058826,0.7198515769944341,0.08165280899314696,1.0
insurance_type,Unknown,Pleural Effusion_label,e08,238,0.35294117647058826,0.7139764996907855,0.11633389351388383,1.1393954784977172
insurance_type,Unknown,Consolidation_label,e04,238,0.14285714285714285,0.7130911188004614,0.26079213445489646,1.0
insurance_type,Unknown,Consolidation_label,e08,238,0.14285714285714285,0.725634371395617,0.1575963827045604,1.1937921968906082
insurance_type,Private Insurance,Cardiomegaly_label,e04,236,0.15254237288135594,0.7734722222222222,0.20033526175134517,1.0
insurance_type,Private Insurance,Cardiomegaly_label,e08,236,0.15254237288135594,0.7869444444444443,0.1854580264544446,1.0
insurance_type,Private Insurance,Edema_label,e04,236,0.2838983050847458,0.7639318201889959,0.10492303101266971,1.0
insurance_type,Private Insurance,Edema_label,e08,236,0.2838983050847458,0.7737348759162767,0.11246606207973625,1.0
insurance_type,Private Insurance,Atelectasis_label,e04,236,0.3050847457627119,0.6948678861788617,0.13045469568884474,1.0
insurance_type,Private Insurance,Atelectasis_label,e08,236,0.3050847457627119,0.7029132791327913,0.21647678402188789,2.623655374492323
insurance_type,Private Insurance,Pleural Effusion_label,e04,236,0.4449152542372881,0.8024718284260269,0.0870928933993929,1.0
insurance_type,Private Insurance,Pleural Effusion_label,e08,236,0.4449152542372881,0.8095238095238095,0.08511262907610949,1.1393954784977172
insurance_type,Private Insurance,Consolidation_label,e04,236,0.1864406779661017,0.6202651515151515,0.18059991304841586,1.0
insurance_type,Private Insurance,Consolidation_label,e08,236,0.1864406779661017,0.6322206439393939,0.11580990363900615,1.1937921968906082
insurance_type,Medicaid,Cardiomegaly_label,e04,136,0.3382352941176471,0.8161835748792271,0.13985367033712784,1.0
insurance_type,Medicaid,Cardiomegaly_label,e08,136,0.3382352941176471,0.8210144927536231,0.14443971440435716,1.0
insurance_type,Medicaid,Edema_label,e04,136,0.33088235294117646,0.7584859584859585,0.14444253393722806,1.0
insurance_type,Medicaid,Edema_label,e08,136,0.33088235294117646,0.7604395604395604,0.14705417646944308,1.0
insurance_type,Medicaid,Atelectasis_label,e04,136,0.3235294117647059,0.6274703557312252,0.11772904134191135,1.0
insurance_type,Medicaid,Atelectasis_label,e08,136,0.3235294117647059,0.6178359683794467,0.17777406255556047,2.623655374492323
insurance_type,Medicaid,Pleural Effusion_label,e04,136,0.375,0.8,0.05898329256759847,1.0
insurance_type,Medicaid,Pleural Effusion_label,e08,136,0.375,0.8173010380622837,0.11522905990822073,1.1393954784977172
insurance_type,Medicaid,Consolidation_label,e04,136,0.21323529411764705,0.6716081211730583,0.19329378893598914,1.0
insurance_type,Medicaid,Consolidation_label,e08,136,0.21323529411764705,0.7205929745407671,0.10774059550610748,1.1937921968906082
