subgroup_column,label,model,n_groups_compared,auroc_min,auroc_min_group,auroc_max,auroc_max_group,auroc_spread,ece_min,ece_min_group,ece_max,ece_max_group,ece_spread
ethnicity,Atelectasis_label,e04,3,0.5647169811320754,Hispanic/Latino,0.6664,Unknown,0.10168301886792463,0.09218641123992362,Non-Hispanic/Non-Latino,0.17677354195713996,Unknown,0.08458713071721634
ethnicity,Atelectasis_label,e08,3,0.5894339622641509,Hispanic/Latino,0.6756,Unknown,0.08616603773584908,0.17986543646526307,Hispanic/Latino,0.28715604218745777,Unknown,0.1072906057221947
ethnicity,Cardiomegaly_label,e04,3,0.7805010893246189,Non-Hispanic/Non-Latino,0.8151629072681704,Hispanic/Latino,0.0346618179435515,0.1634603381658403,Hispanic/Latino,0.16612057369574904,Unknown,0.002660235529908739
ethnicity,Cardiomegaly_label,e08,3,0.7860187553282183,Unknown,0.827485380116959,Hispanic/Latino,0.04146662478874075,0.1304394275182858,Unknown,0.14335283042299152,Non-Hispanic/Non-Latino,0.012913402904705717
ethnicity,Consolidation_label,e04,3,0.620540019286403,Hispanic/Latino,0.6780590778939987,Non-Hispanic/Non-Latino,0.05751905860759565,0.20392449926107356,Hispanic/Latino,0.22512064677589835,Non-Hispanic/Non-Latino,0.021196147514824792
ethnicity,Consolidation_label,e08,3,0.6475409836065574,Hispanic/Latino,0.6907468006778473,Non-Hispanic/Non-Latino,0.0432058170712899,0.127610977695391,Non-Hispanic/Non-Latino,0.14929354373393816,Hispanic/Latino,0.021682566038547152
ethnicity,Edema_label,e04,3,0.6988365439633797,Hispanic/Latino,0.7254895104895105,Non-Hispanic/Non-Latino,0.026652966526130806,0.09710782575607299,Unknown,0.1297758716839151,Hispanic/Latino,0.032668045927842115
ethnicity,Edema_label,e08,3,0.6975014304787336,Hispanic/Latino,0.7191433566433567,Non-Hispanic/Non-Latino,0.021641926164623126,0.10911235638076856,Non-Hispanic/Non-Latino,0.13736095703923357,Hispanic/Latino,0.028248600658465003
ethnicity,Pleural Effusion_label,e04,3,0.7778532608695652,Hispanic/Latino,0.7930679478380234,Unknown,0.01521468696845818,0.03896648172593238,Non-Hispanic/Non-Latino,0.09480880862474442,Unknown,0.055842326898812036
ethnicity,Pleural Effusion_label,e08,3,0.7731640356897735,Unknown,0.7999320652173914,Hispanic/Latino,0.02676802952761781,0.07933986969971828,Non-Hispanic/Non-Latino,0.1932698584729443,Unknown,0.11392998877322603
insurance_type,Atelectasis_label,e04,4,0.6237122772997213,Medicare,0.6948678861788617,Private Insurance,0.07115560887914041,0.07537730390030047,Medicare,0.13045469568884474,Private Insurance,0.055077391788544275
insurance_type,Atelectasis_label,e08,4,0.6178359683794467,Medicaid,0.7029132791327913,Private Insurance,0.08507731075334468,0.17469539121979072,Medicare,0.25457491339351035,Unknown,0.07987952217371963
insurance_type,Cardiomegaly_label,e04,4,0.7734722222222222,Private Insurance,0.8161835748792271,Medicaid,0.042711352657004875,0.11514375370950636,Unknown,0.20033526175134517,Private Insurance,0.08519150804183881
insurance_type,Cardiomegaly_label,e08,4,0.7805430900265591,Medicare,0.8210144927536231,Medicaid,0.040471402727064065,0.08643424869104124,Unknown,0.1854580264544446,Private Insurance,0.09902377776340335
insurance_type,Consolidation_label,e04,4,0.6202651515151515,Private Insurance,0.7130911188004614,Unknown,0.0928259672853099,0.18059991304841586,Private Insurance,0.26079213445489646,Unknown,0.08019222140648061
insurance_type,Consolidation_label,e08,4,0.6322206439393939,Private Insurance,0.725634371395617,Unknown,0.09341372745622312,0.10774059550610748,Medicaid,0.1575963827045604,Unknown,0.049855787198452906
insurance_type,Edema_label,e04,4,0.6700320512820512,Unknown,0.7639318201889959,Private Insurance,0.09389976890694463,0.0943896287142521,Medicare,0.14444253393722806,Medicaid,0.05005290522297595
insurance_type,Edema_label,e08,4,0.6587339743589744,Unknown,0.7737348759162767,Private Insurance,0.11500090155730225,0.11246606207973625,Private Insurance,0.14833237670221128,Unknown,0.035866314622475026
insurance_type,Pleural Effusion_label,e04,4,0.7198515769944341,Unknown,0.8024718284260269,Private Insurance,0.0826202514315928,0.035359898048719716,Medicare,0.0870928933993929,Private Insurance,0.05173299535067318
insurance_type,Pleural Effusion_label,e08,4,0.7139764996907855,Unknown,0.8173010380622837,Medicaid,0.10332453837149824,0.08511262907610949,Private Insurance,0.11633389351388383,Unknown,0.031221264437774343
race,Atelectasis_label,e04,5,0.5965283018867924,Other,0.738338192419825,Asian,0.1418098905330326,0.06247347939227309,Black,0.1820295330916726,Unknown,0.11955605369939952
race,Atelectasis_label,e08,5,0.6040754716981132,Other,0.7404388714733543,Black,0.13636339977524115,0.1512227066828321,Black,0.29178968729819277,Unknown,0.14056698061536066
race,Cardiomegaly_label,e04,5,0.7691435053885423,Black,0.8054421768707484,Asian,0.03629867148220611,0.1069375957318005,Black,0.2064736023811357,Asian,0.0995360066493352
race,Cardiomegaly_label,e08,5,0.7615384615384615,Unknown,0.8220408163265306,Asian,0.06050235478806909,0.12857009128977856,Black,0.1838005257337459,Other,0.05523043444396733
race,Consolidation_label,e04,5,0.6315684315684315,Other,0.7397959183673469,Asian,0.10822748679891547,0.1664709510348205,Black,0.23817636323090924,White,0.07170541219608872
race,Consolidation_label,e08,5,0.6601398601398601,Other,0.7455357142857143,Asian,0.08539585414585416,0.1187801131382282,Other,0.14220500802269564,Asian,0.023424894884467445
race,Edema_label,e04,5,0.6797082228116711,Black,0.7375426565962059,White,0.05783443378453479,0.08460754818829695,White,0.1994898678468806,Black,0.11488231965858366
race,Edema_label,e08,5,0.6816976127320955,Black,0.7335721563616956,White,0.05187454362960009,0.09886837338875348,White,0.21565849436003537,Black,0.11679012097128189
race,Pleural Effusion_label,e04,5,0.7408414239482201,Other,0.877672697368421,Asian,0.13683127342020096,0.05142891232869224,White,0.10014968864577874,Other,0.048720776317086496
race,Pleural Effusion_label,e08,5,0.7552103559870551,Other,0.8799342105263158,Asian,0.12472385453926071,0.08116668970761051,White,0.1939150573847044,Unknown,0.1127483676770939
sex,Atelectasis_label,e04,2,0.6341343638046935,Male,0.6668324775353018,Female,0.03269811373060838,0.08992154825419348,Male,0.10871309545089977,Female,0.018791547196706296
sex,Atelectasis_label,e08,2,0.6295938493740691,Male,0.6678112965340179,Female,0.03821744715994879,0.1845794188845097,Male,0.2241107153500196,Female,0.0395312964655099
sex,Cardiomegaly_label,e04,2,0.7449916751705247,Female,0.8156521739130433,Male,0.07066049874251867,0.15932120283399315,Male,0.17318644674388806,Female,0.013865243909894909
sex,Cardiomegaly_label,e08,2,0.7457794009703349,Female,0.8228985507246377,Male,0.07711914975430278,0.13750808244426918,Female,0.14099586623760454,Male,0.003487783793335364
sex,Consolidation_label,e04,2,0.6444420681174142,Male,0.6936549081483151,Female,0.04921284003090087,0.19528896903645682,Female,0.23417208807300183,Male,0.03888311903654501
sex,Consolidation_label,e08,2,0.6664706196866813,Male,0.7014763890454186,Female,0.03500576935873734,0.10228268078958408,Female,0.13359544619411623,Male,0.03131276540453215
sex,Edema_label,e04,2,0.6681626970020145,Female,0.7597228974234321,Male,0.09156020042141766,0.0859395176351214,Male,0.12328512814008628,Female,0.03734561050496488
sex,Edema_label,e08,2,0.6617342102144803,Female,0.7551693404634581,Male,0.09343513024897776,0.09426699466929038,Male,0.15156172277336258,Female,0.0572947281040722
sex,Pleural Effusion_label,e04,2,0.7540938924943463,Male,0.8212652844231793,Female,0.06717139192883292,0.02234875125432672,Female,0.062497567031235275,Male,0.040148815776908556
sex,Pleural Effusion_label,e08,2,0.7592503922623037,Male,0.8213716108452949,Female,0.06212121858299113,0.0868877313330023,Female,0.09171235084213357,Male,0.004824619509131267
