label,error_type,n_errors,pct_with_other_true_label,pct_isolated,baseline_pct_with_other_true_label
Cardiomegaly_label,FN,98,0.826530612244898,0.17346938775510204,0.6598173515981736
Cardiomegaly_label,FP,258,0.6627906976744186,0.3372093023255814,0.6598173515981736
Edema_label,FN,92,0.8369565217391305,0.16304347826086957,0.6681887366818874
Edema_label,FP,422,0.5781990521327014,0.4218009478672986,0.6681887366818874
Atelectasis_label,FN,124,0.8306451612903226,0.1693548387096774,0.654490106544901
Atelectasis_label,FP,436,0.6100917431192661,0.38990825688073394,0.654490106544901
Pleural Effusion_label,FN,139,0.8489208633093526,0.1510791366906475,0.65220700152207
Pleural Effusion_label,FP,246,0.45121951219512196,0.5487804878048781,0.65220700152207
Consolidation_label,FN,52,0.6730769230769231,0.3269230769230769,0.654490106544901
Consolidation_label,FP,565,0.6973451327433628,0.30265486725663715,0.654490106544901
