label,error_type,n_errors,mean_distance_from_threshold,median_distance_from_threshold,pct_near_miss,pct_confidently_wrong
Cardiomegaly_label,FN,98,0.24486074642259248,0.25153887271881104,0.17346938775510204,0.5
Cardiomegaly_label,FP,258,0.1947875743688539,0.17987176775932312,0.29457364341085274,0.3682170542635659
Edema_label,FN,92,0.12850402519106868,0.12208421379327776,0.42391304347826086,0.09782608695652174
Edema_label,FP,422,0.24638025163191749,0.2406792879104614,0.20853080568720378,0.48104265402843605
Atelectasis_label,FN,124,0.05075534983297311,0.03521370105487415,0.8951612903225806,0.0
Atelectasis_label,FP,436,0.05596188421396358,0.04697020906585603,0.8348623853211009,0.0
Pleural Effusion_label,FN,139,0.15557055212139326,0.1261365268344612,0.39568345323741005,0.2302158273381295
Pleural Effusion_label,FP,246,0.15596681887620373,0.14118152767863995,0.3617886178861789,0.1991869918699187
Consolidation_label,FN,52,0.07603862409606783,0.0714186607295669,0.7115384615384616,0.0
Consolidation_label,FP,565,0.21133012073429408,0.16985062929452494,0.3168141592920354,0.35575221238938054
