condition,label,auroc,auroc_drop_from_clean
clean,Atelectasis_label,0.6470035627072179,0.0
clean,Cardiomegaly_label,0.7924583031182014,0.0
clean,Consolidation_label,0.6814163820342583,0.0
clean,Edema_label,0.7171706356004797,0.0
clean,Pleural Effusion_label,0.785483828024969,0.0
missing_10,Atelectasis_label,0.646918409335007,8.515337221093322e-05
missing_10,Cardiomegaly_label,0.7924521315168253,6.171601376170344e-06
missing_10,Consolidation_label,0.6814846085291647,-6.822649490645372e-05
missing_10,Edema_label,0.717178666266918,-8.03066643828565e-06
missing_10,Pleural Effusion_label,0.7854765667924475,7.261232521482697e-06
missing_30,Atelectasis_label,0.6468057871330508,0.0001977755741671139
missing_30,Cardiomegaly_label,0.7923657290975575,9.257402064388742e-05
missing_30,Consolidation_label,0.681493136841028,-7.67548067697188e-05
missing_30,Edema_label,0.7171197747130376,5.086088744210571e-05
missing_30,Pleural Effusion_label,0.7855298158309392,-4.5987805970204576e-05
missing_50,Atelectasis_label,0.6468442434946944,0.00015931921252354542
missing_50,Cardiomegaly_label,0.7923996729051271,5.86302130742844e-05
missing_50,Consolidation_label,0.6814590235935748,-4.264155931654745e-05
missing_50,Edema_label,0.7171492204899778,2.141511050191003e-05
missing_50,Pleural Effusion_label,0.7854208973431149,6.293068185403428e-05
noise_025x,Atelectasis_label,0.6469348906328543,6.867207436367373e-05
noise_025x,Cardiomegaly_label,0.7924583031182016,-2.220446049250313e-16
noise_025x,Consolidation_label,0.6814334386579848,-1.7056623726530162e-05
noise_025x,Edema_label,0.7172188195991092,-4.818399862949185e-05
noise_025x,Pleural Effusion_label,0.7854935096683311,-9.681643362124959e-06
noise_05x,Atelectasis_label,0.6469870814093708,1.648129784714847e-05
noise_05x,Cardiomegaly_label,0.792467560520266,-9.257402064588582e-06
noise_05x,Consolidation_label,0.6813950612545999,2.1320779658329236e-05
noise_05x,Edema_label,0.7171920507109816,-2.141511050191003e-05
noise_05x,Pleural Effusion_label,0.7854862484358095,-2.4204108405312397e-06
noise_1x,Atelectasis_label,0.6470118033561417,-8.240648923796279e-06
noise_1x,Cardiomegaly_label,0.792513847530588,-5.5544412386532294e-05
noise_1x,Consolidation_label,0.6813993254105316,1.7056623726641185e-05
noise_1x,Edema_label,0.7171438667123523,2.676888812735978e-05
noise_1x,Pleural Effusion_label,0.7856459955512849,-0.00016216752631592612
noise_2x,Atelectasis_label,0.6470282846539889,-2.4721946770944747e-05
noise_2x,Cardiomegaly_label,0.7924583031182015,-1.1102230246251565e-16
noise_2x,Consolidation_label,0.6814547594376431,-3.83774033848594e-05
noise_2x,Edema_label,0.7172429115984239,-7.227599794423778e-05
noise_2x,Pleural Effusion_label,0.7856193710320388,-0.00013554300706986044
