condition,model,label,auroc,auroc_drop_from_clean
clean,e04,Atelectasis_label,0.6495114668629772,0.0
clean,e04,Cardiomegaly_label,0.7873667319827811,0.0
clean,e04,Consolidation_label,0.6656773824905228,0.0
clean,e04,Edema_label,0.7221871252355663,0.0
clean,e04,Pleural Effusion_label,0.7818338484774404,0.0
clean,e08,Atelectasis_label,0.6470035627072179,0.0
clean,e08,Cardiomegaly_label,0.7924583031182014,0.0
clean,e08,Consolidation_label,0.6814163820342583,0.0
clean,e08,Edema_label,0.7171706356004797,0.0
clean,e08,Pleural Effusion_label,0.785483828024969,0.0
brightness_dark,e04,Atelectasis_label,0.6465173644207236,0.002994102442253621
brightness_dark,e04,Cardiomegaly_label,0.786876089673368,0.0004906423094130918
brightness_dark,e04,Consolidation_label,0.6718092387202416,-0.006131856229718791
brightness_dark,e04,Edema_label,0.720522100394038,0.0016650248415283064
brightness_dark,e04,Pleural Effusion_label,0.7766565896895339,0.005177258787906536
brightness_dark,e08,Atelectasis_label,0.6393479998571621,0.007655562850055864
brightness_dark,e08,Cardiomegaly_label,0.7892459846018546,0.003212318516346846
brightness_dark,e08,Consolidation_label,0.6889468814095594,-0.007530499375301147
brightness_dark,e08,Edema_label,0.7162417551824568,0.0009288804180228594
brightness_dark,e08,Pleural Effusion_label,0.7823493959864749,0.0031344320384940616
brightness_bright,e04,Atelectasis_label,0.6346837925663853,0.01482767429659193
brightness_bright,e04,Cardiomegaly_label,0.7870365513091511,0.00033018067362999837
brightness_bright,e04,Consolidation_label,0.6635026629653793,0.002174719525143476
brightness_bright,e04,Edema_label,0.7121996530752098,0.009987472160356448
brightness_bright,e04,Pleural Effusion_label,0.749724678266889,0.032109170210551374
brightness_bright,e08,Atelectasis_label,0.64005394878162,0.006949613925597897
brightness_bright,e08,Cardiomegaly_label,0.7879283477080214,0.0045299554101799755
brightness_bright,e08,Consolidation_label,0.6698903685509973,0.011526013483260988
brightness_bright,e08,Edema_label,0.712831398835018,0.004339236765461663
brightness_bright,e08,Pleural Effusion_label,0.7527937592126888,0.032690068812280204
noise_low,e04,Atelectasis_label,0.6438089378078227,0.005702529055154559
noise_low,e04,Cardiomegaly_label,0.7866569978245105,0.0007097341582705807
noise_low,e04,Consolidation_label,0.6638054180365268,0.0018719644539959557
noise_low,e04,Edema_label,0.7202651190680145,0.0019220061675517819
noise_low,e04,Pleural Effusion_label,0.7768260184483713,0.005007830029069127
noise_low,e08,Atelectasis_label,0.6383096780927842,0.008693884614433767
noise_low,e08,Cardiomegaly_label,0.791035749000972,0.0014225541172294687
noise_low,e08,Consolidation_label,0.680051852136129,0.0013645298981292964
noise_low,e08,Edema_label,0.7154574267603221,0.0017132088401575762
noise_low,e08,Pleural Effusion_label,0.7785469305559926,0.006936897468976411
noise_mid,e04,Atelectasis_label,0.6373867254133373,0.01212474144963993
noise_mid,e04,Cardiomegaly_label,0.7845925971641491,0.002774134818631979
noise_mid,e04,Consolidation_label,0.6661634962667315,-0.00048611377620877416
noise_mid,e04,Edema_label,0.7148230041117013,0.007364121123864975
noise_mid,e04,Pleural Effusion_label,0.7727863527555168,0.009047495721923648
noise_mid,e08,Atelectasis_label,0.6303354768176812,0.01666808588953672
noise_mid,e08,Cardiomegaly_label,0.7852498727107216,0.007208430407479871
noise_mid,e08,Consolidation_label,0.6832243841492794,-0.00180800211502119
noise_mid,e08,Edema_label,0.7113082491005653,0.005862386499914329
noise_mid,e08,Pleural Effusion_label,0.7696761248254278,0.015807703199541168
noise_high,e04,Atelectasis_label,0.6181365695277284,0.031374897335248786
noise_high,e04,Cardiomegaly_label,0.781145757795504,0.006220974187277073
noise_high,e04,Consolidation_label,0.6530682734006217,0.012609109089901094
noise_high,e04,Edema_label,0.7093059362686311,0.012881188966935131
noise_high,e04,Pleural Effusion_label,0.7716172943195378,0.010216554157902569
noise_high,e08,Atelectasis_label,0.6082972347129095,0.0387063279943084
noise_high,e08,Cardiomegaly_label,0.7837069723666549,0.008751330751546549
noise_high,e08,Consolidation_label,0.6615624720164767,0.019853910017781584
noise_high,e08,Edema_label,0.7059812403632003,0.011189395237279354
noise_high,e08,Pleural Effusion_label,0.7665320111435716,0.018951816881397354
jpeg_q75,e04,Atelectasis_label,0.6503080629255951,-0.0007965960626178381
jpeg_q75,e04,Cardiomegaly_label,0.7866292256183173,0.0007375063644637914
jpeg_q75,e04,Consolidation_label,0.6659673450938753,-0.00028996260335256707
jpeg_q75,e04,Edema_label,0.7234024327565529,-0.0012153075209866415
jpeg_q75,e04,Pleural Effusion_label,0.7821121957241023,-0.0002783472466618697
jpeg_q75,e08,Atelectasis_label,0.6479855733706177,-0.0009820106633997572
jpeg_q75,e08,Cardiomegaly_label,0.7922237822659035,0.00023452085229791475
jpeg_q75,e08,Consolidation_label,0.6817958919121754,-0.000379509877917128
jpeg_q75,e08,Edema_label,0.7177970275826624,-0.000626391982182728
jpeg_q75,e08,Pleural Effusion_label,0.7852926155685667,0.000191212456402301
jpeg_q50,e04,Atelectasis_label,0.6483083321201267,0.001203134742850498
jpeg_q50,e04,Cardiomegaly_label,0.7863391603536327,0.0010275716291483494
jpeg_q50,e04,Consolidation_label,0.6675109695411341,-0.0018335870506113183
jpeg_q50,e04,Edema_label,0.7215794714750727,0.0006076537604935428
jpeg_q50,e04,Pleural Effusion_label,0.7810738394735123,0.0007600090039281415
jpeg_q50,e08,Atelectasis_label,0.6458512452993966,0.0011523174078212906
jpeg_q50,e08,Cardiomegaly_label,0.7916745097434157,0.0007837933747857351
jpeg_q50,e08,Consolidation_label,0.6829941197289703,-0.0015777376947120336
jpeg_q50,e08,Edema_label,0.7166673805036835,0.0005032550967961624
jpeg_q50,e08,Pleural Effusion_label,0.7842929858914253,0.0011908421335437014
jpeg_q25,e04,Atelectasis_label,0.648849468066112,0.0006619987968652374
jpeg_q25,e04,Cardiomegaly_label,0.7873327881752118,3.394380756926996e-05
jpeg_q25,e04,Consolidation_label,0.6651742120905877,0.0005031703999350823
jpeg_q25,e04,Edema_label,0.7220800496830564,0.00010707555250988321
jpeg_q25,e04,Pleural Effusion_label,0.7805437694994347,0.0012900789780057043
jpeg_q25,e08,Atelectasis_label,0.6457015401772838,0.001302022529934166
jpeg_q25,e08,Cardiomegaly_label,0.79256013454091,-0.00010183142270858703
jpeg_q25,e08,Consolidation_label,0.6824525719256501,-0.00103618989139187
jpeg_q25,e08,Edema_label,0.7161293258523215,0.0010413097481581923
jpeg_q25,e08,Pleural Effusion_label,0.7837217689330588,0.0017620590919101842
